p,i,j,R,delta,k,epsilon,dRdt
0,0,0,2843.8333364978671,1,4265.7500047468011,14999050.654052729,-9999367.0833536778
0,0,1,0,0,4265.7500047468011,14999050.654052729,-0
0,0,2,0,0,4265.7500047468011,14999050.654052729,-0
0,1,0,0,0,4265.7500047468011,14999050.654052729,-0
0,1,1,2843.8333364978671,1,4265.7500047468011,14999050.654052729,-9999367.0833536778
0,1,2,0,0,4265.7500047468011,14999050.654052729,-0
0,2,0,0,0,4265.7500047468011,14999050.654052729,-0
0,2,1,0,0,4265.7500047468011,14999050.654052729,-0
0,2,2,2843.8333364978671,1,4265.7500047468011,14999050.654052729,-9999367.0833536778
1,0,0,2843.733345991086,1,4265.600018986629,14998101.3948908,-9998734.2729085274
1,0,1,0,0,4265.600018986629,14998101.3948908,-0
1,0,2,0,0,4265.600018986629,14998101.3948908,-0
1,1,0,0,0,4265.600018986629,14998101.3948908,-0
1,1,1,2843.733345991086,1,4265.600018986629,14998101.3948908,-9998734.2729085274
1,1,2,0,0,4265.600018986629,14998101.3948908,-0
1,2,0,0,0,4265.600018986629,14998101.3948908,-0
1,2,1,0,0,4265.600018986629,14998101.3948908,-0
1,2,2,2843.733345991086,1,4265.600018986629,14998101.3948908,-9998734.2729085274
2,0,0,2843.633361812409,1,4265.450042718614,14997152.222503835,-9998101.4913533516
2,0,1,0,0,4265.450042718614,14997152.222503835,-0
2,0,2,0,0,4265.450042718614,14997152.222503835,-0
2,1,0,0,0,4265.450042718614,14997152.222503835,-0
2,1,1,2843.633361812409,1,4265.450042718614,14997152.222503835,-9998101.4913533516
2,1,2,0,0,4265.450042718614,14997152.222503835,-0
2,2,0,0,0,4265.450042718614,14997152.222503835,-0
2,2,1,0,0,4265.450042718614,14997152.222503835,-0
2,2,2,2843.633361812409,1,4265.450042718614,14997152.222503835,-9998101.4913533516
3,0,0,2843.5333839612595,1,4265.3000759418892,14996203.136881465,-9997468.7674967442
3,0,1,0,0,4265.3000759418892,14996203.136881465,-0
3,0,2,0,0,4265.3000759418892,14996203.136881465,-0
3,1,0,0,0,4265.3000759418892,14996203.136881465,-0
3,1,1,2843.5333839612595,1,4265.3000759418892,14996203.136881465,-9997468.7674967442
3,1,2,0,0,4265.3000759418892,14996203.136881465,-0
3,2,0,0,0,4265.3000759418892,14996203.136881465,-0
3,2,1,0,0,4265.3000759418892,14996203.136881465,-0
3,2,2,2843.5333839612595,1,4265.3000759418892,14996203.136881465,-9997468.7674967442
4,0,0,2843.4334124370589,1,4265.1501186555888,14995254.138013322,-9996836.1016031895
4,0,1,0,0,4265.1501186555888,14995254.138013322,-0
4,0,2,0,0,4265.1501186555888,14995254.138013322,-0
4,1,0,0,0,4265.1501186555888,14995254.138013322,-0
4,1,1,2843.4334124370589,1,4265.1501186555888,14995254.138013322,-9996836.1016031895
4,1,2,0,0,4265.1501186555888,14995254.138013322,-0
4,2,0,0,0,4265.1501186555888,14995254.138013322,-0
4,2,1,0,0,4265.1501186555888,14995254.138013322,-0
4,2,2,2843.4334124370589,1,4265.1501186555888,14995254.138013322,-9996836.1016031895
5,0,0,2843.3334472392271,1,4265.0001708588406,14994305.225889023,-9996203.4935709629
5,0,1,0,0,4265.0001708588406,14994305.225889023,-0
5,0,2,0,0,4265.0001708588406,14994305.225889023,-0
5,1,0,0,0,4265.0001708588406,14994305.225889023,-0
5,1,1,2843.3334472392271,1,4265.0001708588406,14994305.225889023,-9996203.4935709629
5,1,2,0,0,4265.0001708588406,14994305.225889023,-0
5,2,0,0,0,4265.0001708588406,14994305.225889023,-0
5,2,1,0,0,4265.0001708588406,14994305.225889023,-0
5,2,2,2843.3334472392271,1,4265.0001708588406,14994305.225889023,-9996203.4935709629
6,0,0,2843.2334883671874,1,4264.8502325507816,14993356.40049821,-9995570.9432983398
6,0,1,0,0,4264.8502325507816,14993356.40049821,-0
6,0,2,0,0,4264.8502325507816,14993356.40049821,-0
6,1,0,0,0,4264.8502325507816,14993356.40049821,-0
6,1,1,2843.2334883671874,1,4264.8502325507816,14993356.40049821,-9995570.9432983398
6,1,2,0,0,4264.8502325507816,14993356.40049821,-0
6,2,0,0,0,4264.8502325507816,14993356.40049821,-0
6,2,1,0,0,4264.8502325507816,14993356.40049821,-0
6,2,2,2843.2334883671874,1,4264.8502325507816,14993356.40049821,-9995570.9432983398
7,0,0,2843.1335358203614,1,4264.7003037305421,14992407.661830511,-9994938.4509073887
7,0,1,0,0,4264.7003037305421,14992407.661830511,-0
7,0,2,0,0,4264.7003037305421,14992407.661830511,-0
7,1,0,0,0,4264.7003037305421,14992407.661830511,-0
7,1,1,2843.1335358203614,1,4264.7003037305421,14992407.661830511,-9994938.4509073887
7,1,2,0,0,4264.7003037305421,14992407.661830511,-0
7,2,0,0,0,4264.7003037305421,14992407.661830511,-0
7,2,1,0,0,4264.7003037305421,14992407.661830511,-0
7,2,2,2843.1335358203614,1,4264.7003037305421,14992407.661830511,-9994938.4509073887
8,0,0,2843.0335895981698,1,4264.5503843972547,14991459.009875564,-9994306.0162353516
8,0,1,0,0,4264.5503843972547,14991459.009875564,-0
8,0,2,0,0,4264.5503843972547,14991459.009875564,-0
8,1,0,0,0,4264.5503843972547,14991459.009875564,-0
8,1,1,2843.0335895981698,1,4264.5503843972547,14991459.009875564,-9994306.0162353516
8,1,2,0,0,4264.5503843972547,14991459.009875564,-0
8,2,0,0,0,4264.5503843972547,14991459.009875564,-0
8,2,1,0,0,4264.5503843972547,14991459.009875564,-0
8,2,2,2843.0335895981698,1,4264.5503843972547,14991459.009875564,-9994306.0162353516
9,0,0,2842.9336497000368,1,4264.4004745500552,14990510.444623007,-9993673.6393432617
9,0,1,0,0,4264.4004745500552,14990510.444623007,-0
9,0,2,0,0,4264.4004745500552,14990510.444623007,-0
9,1,0,0,0,4264.4004745500552,14990510.444623007,-0
9,1,1,2842.9336497000368,1,4264.4004745500552,14990510.444623007,-9993673.6393432617
9,1,2,0,0,4264.4004745500552,14990510.444623007,-0
9,2,0,0,0,4264.4004745500552,14990510.444623007,-0
9,2,1,0,0,4264.4004745500552,14990510.444623007,-0
9,2,2,2842.9336497000368,1,4264.4004745500552,14990510.444623007,-9993673.6393432617
10,0,0,2842.8337161253826,1,4264.2505741880741,14989561.966062473,-9993041.3203328438
10,0,1,0,0,4264.2505741880741,14989561.966062473,-0
10,0,2,0,0,4264.2505741880741,14989561.966062473,-0
10,1,0,0,0,4264.2505741880741,14989561.966062473,-0
10,1,1,2842.8337161253826,1,4264.2505741880741,14989561.966062473,-9993041.3203328438
10,1,2,0,0,4264.2505741880741,14989561.966062473,-0
10,2,0,0,0,4264.2505741880741,14989561.966062473,-0
10,2,1,0,0,4264.2505741880741,14989561.966062473,-0
10,2,2,2842.8337161253826,1,4264.2505741880741,14989561.966062473,-9993041.3203328438
11,0,0,2842.7337888736297,1,4264.1006833104448,14988613.574183606,-9992409.0591023751
11,0,1,0,0,4264.1006833104448,14988613.574183606,-0
11,0,2,0,0,4264.1006833104448,14988613.574183606,-0
11,1,0,0,0,4264.1006833104448,14988613.574183606,-0
11,1,1,2842.7337888736297,1,4264.1006833104448,14988613.574183606,-9992409.0591023751
11,1,2,0,0,4264.1006833104448,14988613.574183606,-0
11,2,0,0,0,4264.1006833104448,14988613.574183606,-0
11,2,1,0,0,4264.1006833104448,14988613.574183606,-0
11,2,2,2842.7337888736297,1,4264.1006833104448,14988613.574183606,-9992409.0591023751
12,0,0,2842.6338679442001,1,4263.9508019163004,14987665.268976044,-9991776.8556111641
12,0,1,0,0,4263.9508019163004,14987665.268976044,-0
12,0,2,0,0,4263.9508019163004,14987665.268976044,-0
12,1,0,0,0,4263.9508019163004,14987665.268976044,-0
12,1,1,2842.6338679442001,1,4263.9508019163004,14987665.268976044,-9991776.8556111641
12,1,2,0,0,4263.9508019163004,14987665.268976044,-0
12,2,0,0,0,4263.9508019163004,14987665.268976044,-0
12,2,1,0,0,4263.9508019163004,14987665.268976044,-0
12,2,2,2842.6338679442001,1,4263.9508019163004,14987665.268976044,-9991776.8556111641
13,0,0,2842.5339533365172,1,4263.8009300047761,14986717.050429434,-9991144.7098795567
13,0,1,0,0,4263.8009300047761,14986717.050429434,-0
13,0,2,0,0,4263.8009300047761,14986717.050429434,-0
13,1,0,0,0,4263.8009300047761,14986717.050429434,-0
13,1,1,2842.5339533365172,1,4263.8009300047761,14986717.050429434,-9991144.7098795567
13,1,2,0,0,4263.8009300047761,14986717.050429434,-0
13,2,0,0,0,4263.8009300047761,14986717.050429434,-0
13,2,1,0,0,4263.8009300047761,14986717.050429434,-0
13,2,2,2842.5339533365172,1,4263.8009300047761,14986717.050429434,-9991144.7098795567
14,0,0,2842.4340450500026,1,4263.6510675750042,14985768.91853342,-9990512.6219482422
14,0,1,0,0,4263.6510675750042,14985768.91853342,-0
14,0,2,0,0,4263.6510675750042,14985768.91853342,-0
14,1,0,0,0,4263.6510675750042,14985768.91853342,-0
14,1,1,2842.4340450500026,1,4263.6510675750042,14985768.91853342,-9990512.6219482422
14,1,2,0,0,4263.6510675750042,14985768.91853342,-0
14,2,0,0,0,4263.6510675750042,14985768.91853342,-0
14,2,1,0,0,4263.6510675750042,14985768.91853342,-0
14,2,2,2842.4340450500026,1,4263.6510675750042,14985768.91853342,-9990512.6219482422
15,0,0,2842.3341430840778,1,4263.501214626117,14984820.873277638,-9989880.5918375645
15,0,1,0,0,4263.501214626117,14984820.873277638,-0
15,0,2,0,0,4263.501214626117,14984820.873277638,-0
15,1,0,0,0,4263.501214626117,14984820.873277638,-0
15,1,1,2842.3341430840778,1,4263.501214626117,14984820.873277638,-9989880.5918375645
15,1,2,0,0,4263.501214626117,14984820.873277638,-0
15,2,0,0,0,4263.501214626117,14984820.873277638,-0
15,2,1,0,0,4263.501214626117,14984820.873277638,-0
15,2,2,2842.3341430840778,1,4263.501214626117,14984820.873277638,-9989880.5918375645
16,0,0,2842.2342474381662,1,4263.3513711572496,14983872.914651742,-9989248.6194051094
16,0,1,0,0,4263.3513711572496,14983872.914651742,-0
16,0,2,0,0,4263.3513711572496,14983872.914651742,-0
16,1,0,0,0,4263.3513711572496,14983872.914651742,-0
16,1,1,2842.2342474381662,1,4263.3513711572496,14983872.914651742,-9989248.6194051094
16,1,2,0,0,4263.3513711572496,14983872.914651742,-0
16,2,0,0,0,4263.3513711572496,14983872.914651742,-0
16,2,1,0,0,4263.3513711572496,14983872.914651742,-0
16,2,2,2842.2342474381662,1,4263.3513711572496,14983872.914651742,-9989248.6194051094
17,0,0,2842.1343581116898,1,4263.2015371675352,14982925.042645378,-9988616.7047119141
17,0,1,0,0,4263.2015371675352,14982925.042645378,-0
17,0,2,0,0,4263.2015371675352,14982925.042645378,-0
17,1,0,0,0,4263.2015371675352,14982925.042645378,-0
17,1,1,2842.1343581116898,1,4263.2015371675352,14982925.042645378,-9988616.7047119141
17,1,2,0,0,4263.2015371675352,14982925.042645378,-0
17,2,0,0,0,4263.2015371675352,14982925.042645378,-0
17,2,1,0,0,4263.2015371675352,14982925.042645378,-0
17,2,2,2842.1343581116898,1,4263.2015371675352,14982925.042645378,-9988616.7047119141
18,0,0,2842.034475104072,1,4263.0517126561081,14981977.2572482,-9987984.8477986641
18,0,1,0,0,4263.0517126561081,14981977.2572482,-0
18,0,2,0,0,4263.0517126561081,14981977.2572482,-0
18,1,0,0,0,4263.0517126561081,14981977.2572482,-0
18,1,1,2842.034475104072,1,4263.0517126561081,14981977.2572482,-9987984.8477986641
18,1,2,0,0,4263.0517126561081,14981977.2572482,-0
18,2,0,0,0,4263.0517126561081,14981977.2572482,-0
18,2,1,0,0,4263.0517126561081,14981977.2572482,-0
18,2,2,2842.034475104072,1,4263.0517126561081,14981977.2572482,-9987984.8477986641
19,0,0,2841.934598414734,1,4262.9018976221014,14981029.558449857,-9987353.0485839844
19,0,1,0,0,4262.9018976221014,14981029.558449857,-0
19,0,2,0,0,4262.9018976221014,14981029.558449857,-0
19,1,0,0,0,4262.9018976221014,14981029.558449857,-0
19,1,1,2841.934598414734,1,4262.9018976221014,14981029.558449857,-9987353.0485839844
19,1,2,0,0,4262.9018976221014,14981029.558449857,-0
19,2,0,0,0,4262.9018976221014,14981029.558449857,-0
19,2,1,0,0,4262.9018976221014,14981029.558449857,-0
19,2,2,2841.934598414734,1,4262.9018976221014,14981029.558449857,-9987353.0485839844
20,0,0,2841.8347280430999,1,4262.7520920646502,14980081.946240002,-9986721.3071289062
20,0,1,0,0,4262.7520920646502,14980081.946240002,-0
20,0,2,0,0,4262.7520920646502,14980081.946240002,-0
20,1,0,0,0,4262.7520920646502,14980081.946240002,-0
20,1,1,2841.8347280430999,1,4262.7520920646502,14980081.946240002,-9986721.3071289062
20,1,2,0,0,4262.7520920646502,14980081.946240002,-0
20,2,0,0,0,4262.7520920646502,14980081.946240002,-0
20,2,1,0,0,4262.7520920646502,14980081.946240002,-0
20,2,2,2841.8347280430999,1,4262.7520920646502,14980081.946240002,-9986721.3071289062
21,0,0,2841.7348639885918,1,4262.6022959828879,14979134.420608291,-9986089.6233723946
21,0,1,0,0,4262.6022959828879,14979134.420608291,-0
21,0,2,0,0,4262.6022959828879,14979134.420608291,-0
21,1,0,0,0,4262.6022959828879,14979134.420608291,-0
21,1,1,2841.7348639885918,1,4262.6022959828879,14979134.420608291,-9986089.6233723946
21,1,2,0,0,4262.6022959828879,14979134.420608291,-0
21,2,0,0,0,4262.6022959828879,14979134.420608291,-0
21,2,1,0,0,4262.6022959828879,14979134.420608291,-0
21,2,2,2841.7348639885918,1,4262.6022959828879,14979134.420608291,-9986089.6233723946
22,0,0,2841.6350062506326,1,4262.4525093759494,14978186.981544381,-9985457.9973144531
22,0,1,0,0,4262.4525093759494,14978186.981544381,-0
22,0,2,0,0,4262.4525093759494,14978186.981544381,-0
22,1,0,0,0,4262.4525093759494,14978186.981544381,-0
22,1,1,2841.6350062506326,1,4262.4525093759494,14978186.981544381,-9985457.9973144531
22,1,2,0,0,4262.4525093759494,14978186.981544381,-0
22,2,0,0,0,4262.4525093759494,14978186.981544381,-0
22,2,1,0,0,4262.4525093759494,14978186.981544381,-0
22,2,2,2841.6350062506326,1,4262.4525093759494,14978186.981544381,-9985457.9973144531
23,0,0,2841.5351548286458,1,4262.3027322429689,14977239.629037933,-9984826.4289550781
23,0,1,0,0,4262.3027322429689,14977239.629037933,-0
23,0,2,0,0,4262.3027322429689,14977239.629037933,-0
23,1,0,0,0,4262.3027322429689,14977239.629037933,-0
23,1,1,2841.5351548286458,1,4262.3027322429689,14977239.629037933,-9984826.4289550781
23,1,2,0,0,4262.3027322429689,14977239.629037933,-0
23,2,0,0,0,4262.3027322429689,14977239.629037933,-0
23,2,1,0,0,4262.3027322429689,14977239.629037933,-0
23,2,2,2841.5351548286458,1,4262.3027322429689,14977239.629037933,-9984826.4289550781
24,0,0,2841.4353097220537,1,4262.1529645830806,14976292.363078596,-9984194.9183553047
24,0,1,0,0,4262.1529645830806,14976292.363078596,-0
24,0,2,0,0,4262.1529645830806,14976292.363078596,-0
24,1,0,0,0,4262.1529645830806,14976292.363078596,-0
24,1,1,2841.4353097220537,1,4262.1529645830806,14976292.363078596,-9984194.9183553047
24,1,2,0,0,4262.1529645830806,14976292.363078596,-0
24,2,0,0,0,4262.1529645830806,14976292.363078596,-0
24,2,1,0,0,4262.1529645830806,14976292.363078596,-0
24,2,2,2841.4353097220537,1,4262.1529645830806,14976292.363078596,-9984194.9183553047
25,0,0,2841.3354709302789,1,4262.0032063954186,14975345.183656037,-9983563.4653727207
25,0,1,0,0,4262.0032063954186,14975345.183656037,-0
25,0,2,0,0,4262.0032063954186,14975345.183656037,-0
25,1,0,0,0,4262.0032063954186,14975345.183656037,-0
25,1,1,2841.3354709302789,1,4262.0032063954186,14975345.183656037,-9983563.4653727207
25,1,2,0,0,4262.0032063954186,14975345.183656037,-0
25,2,0,0,0,4262.0032063954186,14975345.183656037,-0
25,2,1,0,0,4262.0032063954186,14975345.183656037,-0
25,2,2,2841.3354709302789,1,4262.0032063954186,14975345.183656037,-9983563.4653727207
26,0,0,2841.2356384527457,1,4261.8534576791189,14974398.090759916,-9982932.0701090489
26,0,1,0,0,4261.8534576791189,14974398.090759916,-0
26,0,2,0,0,4261.8534576791189,14974398.090759916,-0
26,1,0,0,0,4261.8534576791189,14974398.090759916,-0
26,1,1,2841.2356384527457,1,4261.8534576791189,14974398.090759916,-9982932.0701090489
26,1,2,0,0,4261.8534576791189,14974398.090759916,-0
26,2,0,0,0,4261.8534576791189,14974398.090759916,-0
26,2,1,0,0,4261.8534576791189,14974398.090759916,-0
26,2,2,2841.2356384527457,1,4261.8534576791189,14974398.090759916,-9982932.0701090489
27,0,0,2841.1358122888769,1,4261.7037184333158,14973451.0843799,-9982300.7325439453
27,0,1,0,0,4261.7037184333158,14973451.0843799,-0
27,0,2,0,0,4261.7037184333158,14973451.0843799,-0
27,1,0,0,0,4261.7037184333158,14973451.0843799,-0
27,1,1,2841.1358122888769,1,4261.7037184333158,14973451.0843799,-9982300.7325439453
27,1,2,0,0,4261.7037184333158,14973451.0843799,-0
27,2,0,0,0,4261.7037184333158,14973451.0843799,-0
27,2,1,0,0,4261.7037184333158,14973451.0843799,-0
27,2,2,2841.1358122888769,1,4261.7037184333158,14973451.0843799,-9982300.7325439453
28,0,0,2841.0359924380946,1,4261.5539886571423,14972504.164505653,-9981669.4526367188
28,0,1,0,0,4261.5539886571423,14972504.164505653,-0
28,0,2,0,0,4261.5539886571423,14972504.164505653,-0
28,1,0,0,0,4261.5539886571423,14972504.164505653,-0
28,1,1,2841.0359924380946,1,4261.5539886571423,14972504.164505653,-9981669.4526367188
28,1,2,0,0,4261.5539886571423,14972504.164505653,-0
28,2,0,0,0,4261.5539886571423,14972504.164505653,-0
28,2,1,0,0,4261.5539886571423,14972504.164505653,-0
28,2,2,2841.0359924380946,1,4261.5539886571423,14972504.164505653,-9981669.4526367188
29,0,0,2840.936178899824,1,4261.4042683497364,14971557.331126841,-9981038.2303670235
29,0,1,0,0,4261.4042683497364,14971557.331126841,-0
29,0,2,0,0,4261.4042683497364,14971557.331126841,-0
29,1,0,0,0,4261.4042683497364,14971557.331126841,-0
29,1,1,2840.936178899824,1,4261.4042683497364,14971557.331126841,-9981038.2303670235
29,1,2,0,0,4261.4042683497364,14971557.331126841,-0
29,2,0,0,0,4261.4042683497364,14971557.331126841,-0
29,2,1,0,0,4261.4042683497364,14971557.331126841,-0
29,2,2,2840.936178899824,1,4261.4042683497364,14971557.331126841,-9981038.2303670235
30,0,0,2840.8363716734875,1,4261.2545575102313,14970610.584233133,-9980407.0657755528
30,0,1,0,0,4261.2545575102313,14970610.584233133,-0
30,0,2,0,0,4261.2545575102313,14970610.584233133,-0
30,1,0,0,0,4261.2545575102313,14970610.584233133,-0
30,1,1,2840.8363716734875,1,4261.2545575102313,14970610.584233133,-9980407.0657755528
30,1,2,0,0,4261.2545575102313,14970610.584233133,-0
30,2,0,0,0,4261.2545575102313,14970610.584233133,-0
30,2,1,0,0,4261.2545575102313,14970610.584233133,-0
30,2,2,2840.8363716734875,1,4261.2545575102313,14970610.584233133,-9980407.0657755528
31,0,0,2840.7365707585086,1,4261.1048561377629,14969663.923814202,-9979775.9587809239
31,0,1,0,0,4261.1048561377629,14969663.923814202,-0
31,0,2,0,0,4261.1048561377629,14969663.923814202,-0
31,1,0,0,0,4261.1048561377629,14969663.923814202,-0
31,1,1,2840.7365707585086,1,4261.1048561377629,14969663.923814202,-9979775.9587809239
31,1,2,0,0,4261.1048561377629,14969663.923814202,-0
31,2,0,0,0,4261.1048561377629,14969663.923814202,-0
31,2,1,0,0,4261.1048561377629,14969663.923814202,-0
31,2,2,2840.7365707585086,1,4261.1048561377629,14969663.923814202,-9979775.9587809239
32,0,0,2840.636776154312,1,4260.9551642314682,14968717.349859722,-9979144.9094645176
32,0,1,0,0,4260.9551642314682,14968717.349859722,-0
32,0,2,0,0,4260.9551642314682,14968717.349859722,-0
32,1,0,0,0,4260.9551642314682,14968717.349859722,-0
32,1,1,2840.636776154312,1,4260.9551642314682,14968717.349859722,-9979144.9094645176
32,1,2,0,0,4260.9551642314682,14968717.349859722,-0
32,2,0,0,0,4260.9551642314682,14968717.349859722,-0
32,2,1,0,0,4260.9551642314682,14968717.349859722,-0
32,2,2,2840.636776154312,1,4260.9551642314682,14968717.349859722,-9979144.9094645176
33,0,0,2840.5369878603187,1,4260.8054817904786,14967770.862359354,-9978513.9178466797
33,0,1,0,0,4260.8054817904786,14967770.862359354,-0
33,0,2,0,0,4260.8054817904786,14967770.862359354,-0
33,1,0,0,0,4260.8054817904786,14967770.862359354,-0
33,1,1,2840.5369878603187,1,4260.8054817904786,14967770.862359354,-9978513.9178466797
33,1,2,0,0,4260.8054817904786,14967770.862359354,-0
33,2,0,0,0,4260.8054817904786,14967770.862359354,-0
33,2,1,0,0,4260.8054817904786,14967770.862359354,-0
33,2,2,2840.5369878603187,1,4260.8054817904786,14967770.862359354,-9978513.9178466797
34,0,0,2840.437205875955,1,4260.6558088139327,14966824.46130278,-9977882.9837849922
34,0,1,0,0,4260.6558088139327,14966824.46130278,-0
34,0,2,0,0,4260.6558088139327,14966824.46130278,-0
34,1,0,0,0,4260.6558088139327,14966824.46130278,-0
34,1,1,2840.437205875955,1,4260.6558088139327,14966824.46130278,-9977882.9837849922
34,1,2,0,0,4260.6558088139327,14966824.46130278,-0
34,2,0,0,0,4260.6558088139327,14966824.46130278,-0
34,2,1,0,0,4260.6558088139327,14966824.46130278,-0
34,2,2,2840.437205875955,1,4260.6558088139327,14966824.46130278,-9977882.9837849922
35,0,0,2840.3374302006432,1,4260.5061453009648,14965878.146679673,-9977252.1073811837
35,0,1,0,0,4260.5061453009648,14965878.146679673,-0
35,0,2,0,0,4260.5061453009648,14965878.146679673,-0
35,1,0,0,0,4260.5061453009648,14965878.146679673,-0
35,1,1,2840.3374302006432,1,4260.5061453009648,14965878.146679673,-9977252.1073811837
35,1,2,0,0,4260.5061453009648,14965878.146679673,-0
35,2,0,0,0,4260.5061453009648,14965878.146679673,-0
35,2,1,0,0,4260.5061453009648,14965878.146679673,-0
35,2,2,2840.3374302006432,1,4260.5061453009648,14965878.146679673,-9977252.1073811837
36,0,0,2840.2376608338072,1,4260.3564912507109,14964931.918479715,-9976621.2885945626
36,0,1,0,0,4260.3564912507109,14964931.918479715,-0
36,0,2,0,0,4260.3564912507109,14964931.918479715,-0
36,1,0,0,0,4260.3564912507109,14964931.918479715,-0
36,1,1,2840.2376608338072,1,4260.3564912507109,14964931.918479715,-9976621.2885945626
36,1,2,0,0,4260.3564912507109,14964931.918479715,-0
36,2,0,0,0,4260.3564912507109,14964931.918479715,-0
36,2,1,0,0,4260.3564912507109,14964931.918479715,-0
36,2,2,2840.2376608338072,1,4260.3564912507109,14964931.918479715,-9976621.2885945626
37,0,0,2840.1378977748709,1,4260.2068466623068,14963985.776692582,-9975990.5274047852
37,0,1,0,0,4260.2068466623068,14963985.776692582,-0
37,0,2,0,0,4260.2068466623068,14963985.776692582,-0
37,1,0,0,0,4260.2068466623068,14963985.776692582,-0
37,1,1,2840.1378977748709,1,4260.2068466623068,14963985.776692582,-9975990.5274047852
37,1,2,0,0,4260.2068466623068,14963985.776692582,-0
37,2,0,0,0,4260.2068466623068,14963985.776692582,-0
37,2,1,0,0,4260.2068466623068,14963985.776692582,-0
37,2,2,2840.1378977748709,1,4260.2068466623068,14963985.776692582,-9975990.5274047852
38,0,0,2840.038141023259,1,4260.0572115348887,14963039.721307956,-9975359.8238118477
38,0,1,0,0,4260.0572115348887,14963039.721307956,-0
38,0,2,0,0,4260.0572115348887,14963039.721307956,-0
38,1,0,0,0,4260.0572115348887,14963039.721307956,-0
38,1,1,2840.038141023259,1,4260.0572115348887,14963039.721307956,-9975359.8238118477
38,1,2,0,0,4260.0572115348887,14963039.721307956,-0
38,2,0,0,0,4260.0572115348887,14963039.721307956,-0
38,2,1,0,0,4260.0572115348887,14963039.721307956,-0
38,2,2,2840.038141023259,1,4260.0572115348887,14963039.721307956,-9975359.8238118477
39,0,0,2839.9383905783948,1,4259.9075858675924,14962093.752315518,-9974729.1778360996
39,0,1,0,0,4259.9075858675924,14962093.752315518,-0
39,0,2,0,0,4259.9075858675924,14962093.752315518,-0
39,1,0,0,0,4259.9075858675924,14962093.752315518,-0
39,1,1,2839.9383905783948,1,4259.9075858675924,14962093.752315518,-9974729.1778360996
39,1,2,0,0,4259.9075858675924,14962093.752315518,-0
39,2,0,0,0,4259.9075858675924,14962093.752315518,-0
39,2,1,0,0,4259.9075858675924,14962093.752315518,-0
39,2,2,2839.9383905783948,1,4259.9075858675924,14962093.752315518,-9974729.1778360996
40,0,0,2839.8386464397026,1,4259.757969659554,14961147.869704952,-9974098.5894165039
40,0,1,0,0,4259.757969659554,14961147.869704952,-0
40,0,2,0,0,4259.757969659554,14961147.869704952,-0
40,1,0,0,0,4259.757969659554,14961147.869704952,-0
40,1,1,2839.8386464397026,1,4259.757969659554,14961147.869704952,-9974098.5894165039
40,1,2,0,0,4259.757969659554,14961147.869704952,-0
40,2,0,0,0,4259.757969659554,14961147.869704952,-0
40,2,1,0,0,4259.757969659554,14961147.869704952,-0
40,2,2,2839.8386464397026,1,4259.757969659554,14961147.869704952,-9974098.5894165039
41,0,0,2839.7389086066059,1,4259.6083629099094,14960202.073465947,-9973468.0585530587
41,0,1,0,0,4259.6083629099094,14960202.073465947,-0
41,0,2,0,0,4259.6083629099094,14960202.073465947,-0
41,1,0,0,0,4259.6083629099094,14960202.073465947,-0
41,1,1,2839.7389086066059,1,4259.6083629099094,14960202.073465947,-9973468.0585530587
41,1,2,0,0,4259.6083629099094,14960202.073465947,-0
41,2,0,0,0,4259.6083629099094,14960202.073465947,-0
41,2,1,0,0,4259.6083629099094,14960202.073465947,-0
41,2,2,2839.7389086066059,1,4259.6083629099094,14960202.073465947,-9973468.0585530587
42,0,0,2839.6391770785312,1,4259.4587656177973,14959256.363588192,-9972837.5852661133
42,0,1,0,0,4259.4587656177973,14959256.363588192,-0
42,0,2,0,0,4259.4587656177973,14959256.363588192,-0
42,1,0,0,0,4259.4587656177973,14959256.363588192,-0
42,1,1,2839.6391770785312,1,4259.4587656177973,14959256.363588192,-9972837.5852661133
42,1,2,0,0,4259.4587656177973,14959256.363588192,-0
42,2,0,0,0,4259.4587656177973,14959256.363588192,-0
42,2,1,0,0,4259.4587656177973,14959256.363588192,-0
42,2,2,2839.6391770785312,1,4259.4587656177973,14959256.363588192,-9972837.5852661133
43,0,0,2839.5394518549006,1,4259.3091777823511,14958310.740061359,-9972207.169637043
43,0,1,0,0,4259.3091777823511,14958310.740061359,-0
43,0,2,0,0,4259.3091777823511,14958310.740061359,-0
43,1,0,0,0,4259.3091777823511,14958310.740061359,-0
43,1,1,2839.5394518549006,1,4259.3091777823511,14958310.740061359,-9972207.169637043
43,1,2,0,0,4259.3091777823511,14958310.740061359,-0
43,2,0,0,0,4259.3091777823511,14958310.740061359,-0
43,2,1,0,0,4259.3091777823511,14958310.740061359,-0
43,2,2,2839.5394518549006,1,4259.3091777823511,14958310.740061359,-9972207.169637043
44,0,0,2839.4397329351386,1,4259.1595994027084,14957365.20287515,-9971576.8115234375
44,0,1,0,0,4259.1595994027084,14957365.20287515,-0
44,0,2,0,0,4259.1595994027084,14957365.20287515,-0
44,1,0,0,0,4259.1595994027084,14957365.20287515,-0
44,1,1,2839.4397329351386,1,4259.1595994027084,14957365.20287515,-9971576.8115234375
44,1,2,0,0,4259.1595994027084,14957365.20287515,-0
44,2,0,0,0,4259.1595994027084,14957365.20287515,-0
44,2,1,0,0,4259.1595994027084,14957365.20287515,-0
44,2,2,2839.4397329351386,1,4259.1595994027084,14957365.20287515,-9971576.8115234375
45,0,0,2839.3400203186702,1,4259.0100304780053,14956419.752019256,-9970946.5109659825
45,0,1,0,0,4259.0100304780053,14956419.752019256,-0
45,0,2,0,0,4259.0100304780053,14956419.752019256,-0
45,1,0,0,0,4259.0100304780053,14956419.752019256,-0
45,1,1,2839.3400203186702,1,4259.0100304780053,14956419.752019256,-9970946.5109659825
45,1,2,0,0,4259.0100304780053,14956419.752019256,-0
45,2,0,0,0,4259.0100304780053,14956419.752019256,-0
45,2,1,0,0,4259.0100304780053,14956419.752019256,-0
45,2,2,2839.3400203186702,1,4259.0100304780053,14956419.752019256,-9970946.5109659825
46,0,0,2839.2403140049196,1,4258.8604710073796,14955474.387483368,-9970316.2679036446
46,0,1,0,0,4258.8604710073796,14955474.387483368,-0
46,0,2,0,0,4258.8604710073796,14955474.387483368,-0
46,1,0,0,0,4258.8604710073796,14955474.387483368,-0
46,1,1,2839.2403140049196,1,4258.8604710073796,14955474.387483368,-9970316.2679036446
46,1,2,0,0,4258.8604710073796,14955474.387483368,-0
46,2,0,0,0,4258.8604710073796,14955474.387483368,-0
46,2,1,0,0,4258.8604710073796,14955474.387483368,-0
46,2,2,2839.2403140049196,1,4258.8604710073796,14955474.387483368,-9970316.2679036446
47,0,0,2839.1406139933119,1,4258.7109209899681,14954529.10925718,-9969686.0824178047
47,0,1,0,0,4258.7109209899681,14954529.10925718,-0
47,0,2,0,0,4258.7109209899681,14954529.10925718,-0
47,1,0,0,0,4258.7109209899681,14954529.10925718,-0
47,1,1,2839.1406139933119,1,4258.7109209899681,14954529.10925718,-9969686.0824178047
47,1,2,0,0,4258.7109209899681,14954529.10925718,-0
47,2,0,0,0,4258.7109209899681,14954529.10925718,-0
47,2,1,0,0,4258.7109209899681,14954529.10925718,-0
47,2,2,2839.1406139933119,1,4258.7109209899681,14954529.10925718,-9969686.0824178047
48,0,0,2839.0409202832711,1,4258.5613804249069,14953583.917330388,-9969055.9544677734
48,0,1,0,0,4258.5613804249069,14953583.917330388,-0
48,0,2,0,0,4258.5613804249069,14953583.917330388,-0
48,1,0,0,0,4258.5613804249069,14953583.917330388,-0
48,1,1,2839.0409202832711,1,4258.5613804249069,14953583.917330388,-9969055.9544677734
48,1,2,0,0,4258.5613804249069,14953583.917330388,-0
48,2,0,0,0,4258.5613804249069,14953583.917330388,-0
48,2,1,0,0,4258.5613804249069,14953583.917330388,-0
48,2,2,2839.0409202832711,1,4258.5613804249069,14953583.917330388,-9969055.9544677734
49,0,0,2838.9412328742224,1,4258.4118493113338,14952638.81169269,-9968425.8840535469
49,0,1,0,0,4258.4118493113338,14952638.81169269,-0
49,0,2,0,0,4258.4118493113338,14952638.81169269,-0
49,1,0,0,0,4258.4118493113338,14952638.81169269,-0
49,1,1,2838.9412328742224,1,4258.4118493113338,14952638.81169269,-9968425.8840535469
49,1,2,0,0,4258.4118493113338,14952638.81169269,-0
49,2,0,0,0,4258.4118493113338,14952638.81169269,-0
49,2,1,0,0,4258.4118493113338,14952638.81169269,-0
49,2,2,2838.9412328742224,1,4258.4118493113338,14952638.81169269,-9968425.8840535469
50,0,0,2838.8415517655903,1,4258.2623276483855,14951693.792333785,-9967795.8711344395
50,0,1,0,0,4258.2623276483855,14951693.792333785,-0
50,0,2,0,0,4258.2623276483855,14951693.792333785,-0
50,1,0,0,0,4258.2623276483855,14951693.792333785,-0
50,1,1,2838.8415517655903,1,4258.2623276483855,14951693.792333785,-9967795.8711344395
50,1,2,0,0,4258.2623276483855,14951693.792333785,-0
50,2,0,0,0,4258.2623276483855,14951693.792333785,-0
50,2,1,0,0,4258.2623276483855,14951693.792333785,-0
50,2,2,2838.8415517655903,1,4258.2623276483855,14951693.792333785,-9967795.8711344395
51,0,0,2838.7418769567998,1,4258.1128154352,14950748.859243382,-9967165.915730793
51,0,1,0,0,4258.1128154352,14950748.859243382,-0
51,0,2,0,0,4258.1128154352,14950748.859243382,-0
51,1,0,0,0,4258.1128154352,14950748.859243382,-0
51,1,1,2838.7418769567998,1,4258.1128154352,14950748.859243382,-9967165.915730793
51,1,2,0,0,4258.1128154352,14950748.859243382,-0
51,2,0,0,0,4258.1128154352,14950748.859243382,-0
51,2,1,0,0,4258.1128154352,14950748.859243382,-0
51,2,2,2838.7418769567998,1,4258.1128154352,14950748.859243382,-9967165.915730793
52,0,0,2838.6422084472761,1,4257.9633126709141,14949804.012411164,-9966536.0178629551
52,0,1,0,0,4257.9633126709141,14949804.012411164,-0
52,0,2,0,0,4257.9633126709141,14949804.012411164,-0
52,1,0,0,0,4257.9633126709141,14949804.012411164,-0
52,1,1,2838.6422084472761,1,4257.9633126709141,14949804.012411164,-9966536.0178629551
52,1,2,0,0,4257.9633126709141,14949804.012411164,-0
52,2,0,0,0,4257.9633126709141,14949804.012411164,-0
52,2,1,0,0,4257.9633126709141,14949804.012411164,-0
52,2,2,2838.6422084472761,1,4257.9633126709141,14949804.012411164,-9966536.0178629551
53,0,0,2838.5425462364424,1,4257.8138193546638,14948859.251826845,-9965906.1774698887
53,0,1,0,0,4257.8138193546638,14948859.251826845,-0
53,0,2,0,0,4257.8138193546638,14948859.251826845,-0
53,1,0,0,0,4257.8138193546638,14948859.251826845,-0
53,1,1,2838.5425462364424,1,4257.8138193546638,14948859.251826845,-9965906.1774698887
53,1,2,0,0,4257.8138193546638,14948859.251826845,-0
53,2,0,0,0,4257.8138193546638,14948859.251826845,-0
53,2,1,0,0,4257.8138193546638,14948859.251826845,-0
53,2,2,2838.5425462364424,1,4257.8138193546638,14948859.251826845,-9965906.1774698887
54,0,0,2838.4428903237263,1,4257.6643354855896,14947914.577480128,-9965276.3945515938
54,0,1,0,0,4257.6643354855896,14947914.577480128,-0
54,0,2,0,0,4257.6643354855896,14947914.577480128,-0
54,1,0,0,0,4257.6643354855896,14947914.577480128,-0
54,1,1,2838.4428903237263,1,4257.6643354855896,14947914.577480128,-9965276.3945515938
54,1,2,0,0,4257.6643354855896,14947914.577480128,-0
54,2,0,0,0,4257.6643354855896,14947914.577480128,-0
54,2,1,0,0,4257.6643354855896,14947914.577480128,-0
54,2,2,2838.4428903237263,1,4257.6643354855896,14947914.577480128,-9965276.3945515938
55,0,0,2838.3432407085515,1,4257.5148610628275,14946969.989360722,-9964646.6691691075
55,0,1,0,0,4257.5148610628275,14946969.989360722,-0
55,0,2,0,0,4257.5148610628275,14946969.989360722,-0
55,1,0,0,0,4257.5148610628275,14946969.989360722,-0
55,1,1,2838.3432407085515,1,4257.5148610628275,14946969.989360722,-9964646.6691691075
55,1,2,0,0,4257.5148610628275,14946969.989360722,-0
55,2,0,0,0,4257.5148610628275,14946969.989360722,-0
55,2,1,0,0,4257.5148610628275,14946969.989360722,-0
55,2,2,2838.3432407085515,1,4257.5148610628275,14946969.989360722,-9964646.6691691075
56,0,0,2838.243597390343,1,4257.3653960855145,14946025.487458335,-9964017.0012207031
56,0,1,0,0,4257.3653960855145,14946025.487458335,-0
56,0,2,0,0,4257.3653960855145,14946025.487458335,-0
56,1,0,0,0,4257.3653960855145,14946025.487458335,-0
56,1,1,2838.243597390343,1,4257.3653960855145,14946025.487458335,-9964017.0012207031
56,1,2,0,0,4257.3653960855145,14946025.487458335,-0
56,2,0,0,0,4257.3653960855145,14946025.487458335,-0
56,2,1,0,0,4257.3653960855145,14946025.487458335,-0
56,2,2,2838.243597390343,1,4257.3653960855145,14946025.487458335,-9964017.0012207031
57,0,0,2838.1439603685271,1,4257.2159405527909,14945081.071762674,-9963387.3907674141
57,0,1,0,0,4257.2159405527909,14945081.071762674,-0
57,0,2,0,0,4257.2159405527909,14945081.071762674,-0
57,1,0,0,0,4257.2159405527909,14945081.071762674,-0
57,1,1,2838.1439603685271,1,4257.2159405527909,14945081.071762674,-9963387.3907674141
57,1,2,0,0,4257.2159405527909,14945081.071762674,-0
57,2,0,0,0,4257.2159405527909,14945081.071762674,-0
57,2,1,0,0,4257.2159405527909,14945081.071762674,-0
57,2,2,2838.1439603685271,1,4257.2159405527909,14945081.071762674,-9963387.3907674141
58,0,0,2838.0443296425278,1,4257.066494463792,14944136.742263449,-9962757.8377685547
58,0,1,0,0,4257.066494463792,14944136.742263449,-0
58,0,2,0,0,4257.066494463792,14944136.742263449,-0
58,1,0,0,0,4257.066494463792,14944136.742263449,-0
58,1,1,2838.0443296425278,1,4257.066494463792,14944136.742263449,-9962757.8377685547
58,1,2,0,0,4257.066494463792,14944136.742263449,-0
58,2,0,0,0,4257.066494463792,14944136.742263449,-0
58,2,1,0,0,4257.066494463792,14944136.742263449,-0
58,2,2,2838.0443296425278,1,4257.066494463792,14944136.742263449,-9962757.8377685547
59,0,0,2837.9447052117712,1,4256.9170578176572,14943192.498950377,-9962128.3422037754
59,0,1,0,0,4256.9170578176572,14943192.498950377,-0
59,0,2,0,0,4256.9170578176572,14943192.498950377,-0
59,1,0,0,0,4256.9170578176572,14943192.498950377,-0
59,1,1,2837.9447052117712,1,4256.9170578176572,14943192.498950377,-9962128.3422037754
59,1,2,0,0,4256.9170578176572,14943192.498950377,-0
59,2,0,0,0,4256.9170578176572,14943192.498950377,-0
59,2,1,0,0,4256.9170578176572,14943192.498950377,-0
59,2,2,2837.9447052117712,1,4256.9170578176572,14943192.498950377,-9962128.3422037754
60,0,0,2837.8450870756842,1,4256.7676306135263,14942248.341813179,-9961498.9040527344
60,0,1,0,0,4256.7676306135263,14942248.341813179,-0
60,0,2,0,0,4256.7676306135263,14942248.341813179,-0
60,1,0,0,0,4256.7676306135263,14942248.341813179,-0
60,1,1,2837.8450870756842,1,4256.7676306135263,14942248.341813179,-9961498.9040527344
60,1,2,0,0,4256.7676306135263,14942248.341813179,-0
60,2,0,0,0,4256.7676306135263,14942248.341813179,-0
60,2,1,0,0,4256.7676306135263,14942248.341813179,-0
60,2,2,2837.8450870756842,1,4256.7676306135263,14942248.341813179,-9961498.9040527344
61,0,0,2837.7454752336898,1,4256.6182128505352,14941304.27084155,-9960869.5234781895
61,0,1,0,0,4256.6182128505352,14941304.27084155,-0
61,0,2,0,0,4256.6182128505352,14941304.27084155,-0
61,1,0,0,0,4256.6182128505352,14941304.27084155,-0
61,1,1,2837.7454752336898,1,4256.6182128505352,14941304.27084155,-9960869.5234781895
61,1,2,0,0,4256.6182128505352,14941304.27084155,-0
61,2,0,0,0,4256.6182128505352,14941304.27084155,-0
61,2,1,0,0,4256.6182128505352,14941304.27084155,-0
61,2,2,2837.7454752336898,1,4256.6182128505352,14941304.27084155,-9960869.5234781895
62,0,0,2837.6458696852142,1,4256.4688045278217,14940360.286025222,-9960240.2002766915
62,0,1,0,0,4256.4688045278217,14940360.286025222,-0
62,0,2,0,0,4256.4688045278217,14940360.286025222,-0
62,1,0,0,0,4256.4688045278217,14940360.286025222,-0
62,1,1,2837.6458696852142,1,4256.4688045278217,14940360.286025222,-9960240.2002766915
62,1,2,0,0,4256.4688045278217,14940360.286025222,-0
62,2,0,0,0,4256.4688045278217,14940360.286025222,-0
62,2,1,0,0,4256.4688045278217,14940360.286025222,-0
62,2,2,2837.6458696852142,1,4256.4688045278217,14940360.286025222,-9960240.2002766915
63,0,0,2837.5462704296847,1,4256.3194056445273,14939416.387353908,-9959610.934468586
63,0,1,0,0,4256.3194056445273,14939416.387353908,-0
63,0,2,0,0,4256.3194056445273,14939416.387353908,-0
63,1,0,0,0,4256.3194056445273,14939416.387353908,-0
63,1,1,2837.5462704296847,1,4256.3194056445273,14939416.387353908,-9959610.934468586
63,1,2,0,0,4256.3194056445273,14939416.387353908,-0
63,2,0,0,0,4256.3194056445273,14939416.387353908,-0
63,2,1,0,0,4256.3194056445273,14939416.387353908,-0
63,2,2,2837.5462704296847,1,4256.3194056445273,14939416.387353908,-9959610.934468586
64,0,0,2837.4466774665252,1,4256.1700161997878,14938472.57481733,-9958981.7261352539
64,0,1,0,0,4256.1700161997878,14938472.57481733,-0
64,0,2,0,0,4256.1700161997878,14938472.57481733,-0
64,1,0,0,0,4256.1700161997878,14938472.57481733,-0
64,1,1,2837.4466774665252,1,4256.1700161997878,14938472.57481733,-9958981.7261352539
64,1,2,0,0,4256.1700161997878,14938472.57481733,-0
64,2,0,0,0,4256.1700161997878,14938472.57481733,-0
64,2,1,0,0,4256.1700161997878,14938472.57481733,-0
64,2,2,2837.4466774665252,1,4256.1700161997878,14938472.57481733,-9958981.7261352539
65,0,0,2837.3470907951619,1,4256.020636192743,14937528.84840521,-9958352.5751749668
65,0,1,0,0,4256.020636192743,14937528.84840521,-0
65,0,2,0,0,4256.020636192743,14937528.84840521,-0
65,1,0,0,0,4256.020636192743,14937528.84840521,-0
65,1,1,2837.3470907951619,1,4256.020636192743,14937528.84840521,-9958352.5751749668
65,1,2,0,0,4256.020636192743,14937528.84840521,-0
65,2,0,0,0,4256.020636192743,14937528.84840521,-0
65,2,1,0,0,4256.020636192743,14937528.84840521,-0
65,2,2,2837.3470907951619,1,4256.020636192743,14937528.84840521,-9958352.5751749668
66,0,0,2837.2475104150217,1,4255.8712656225325,14936585.20810727,-9957723.481628418
66,0,1,0,0,4255.8712656225325,14936585.20810727,-0
66,0,2,0,0,4255.8712656225325,14936585.20810727,-0
66,1,0,0,0,4255.8712656225325,14936585.20810727,-0
66,1,1,2837.2475104150217,1,4255.8712656225325,14936585.20810727,-9957723.481628418
66,1,2,0,0,4255.8712656225325,14936585.20810727,-0
66,2,0,0,0,4255.8712656225325,14936585.20810727,-0
66,2,1,0,0,4255.8712656225325,14936585.20810727,-0
66,2,2,2837.2475104150217,1,4255.8712656225325,14936585.20810727,-9957723.481628418
67,0,0,2837.1479363255294,1,4255.7219044882941,14935641.653913237,-9957094.445536295
67,0,1,0,0,4255.7219044882941,14935641.653913237,-0
67,0,2,0,0,4255.7219044882941,14935641.653913237,-0
67,1,0,0,0,4255.7219044882941,14935641.653913237,-0
67,1,1,2837.1479363255294,1,4255.7219044882941,14935641.653913237,-9957094.445536295
67,1,2,0,0,4255.7219044882941,14935641.653913237,-0
67,2,0,0,0,4255.7219044882941,14935641.653913237,-0
67,2,1,0,0,4255.7219044882941,14935641.653913237,-0
67,2,2,2837.1479363255294,1,4255.7219044882941,14935641.653913237,-9957094.445536295
68,0,0,2837.0483685261106,1,4255.5725527891664,14934698.185812835,-9956465.4667765293
68,0,1,0,0,4255.5725527891664,14934698.185812835,-0
68,0,2,0,0,4255.5725527891664,14934698.185812835,-0
68,1,0,0,0,4255.5725527891664,14934698.185812835,-0
68,1,1,2837.0483685261106,1,4255.5725527891664,14934698.185812835,-9956465.4667765293
68,1,2,0,0,4255.5725527891664,14934698.185812835,-0
68,2,0,0,0,4255.5725527891664,14934698.185812835,-0
68,2,1,0,0,4255.5725527891664,14934698.185812835,-0
68,2,2,2837.0483685261106,1,4255.5725527891664,14934698.185812835,-9956465.4667765293
69,0,0,2836.9488070161938,1,4255.4232105242909,14933754.803795792,-9955836.5453491211
69,0,1,0,0,4255.4232105242909,14933754.803795792,-0
69,0,2,0,0,4255.4232105242909,14933754.803795792,-0
69,1,0,0,0,4255.4232105242909,14933754.803795792,-0
69,1,1,2836.9488070161938,1,4255.4232105242909,14933754.803795792,-9955836.5453491211
69,1,2,0,0,4255.4232105242909,14933754.803795792,-0
69,2,0,0,0,4255.4232105242909,14933754.803795792,-0
69,2,1,0,0,4255.4232105242909,14933754.803795792,-0
69,2,2,2836.9488070161938,1,4255.4232105242909,14933754.803795792,-9955836.5453491211
70,0,0,2836.8492517952036,1,4255.2738776928054,14932811.507851847,-9955207.6814575195
70,0,1,0,0,4255.2738776928054,14932811.507851847,-0
70,0,2,0,0,4255.2738776928054,14932811.507851847,-0
70,1,0,0,0,4255.2738776928054,14932811.507851847,-0
70,1,1,2836.8492517952036,1,4255.2738776928054,14932811.507851847,-9955207.6814575195
70,1,2,0,0,4255.2738776928054,14932811.507851847,-0
70,2,0,0,0,4255.2738776928054,14932811.507851847,-0
70,2,1,0,0,4255.2738776928054,14932811.507851847,-0
70,2,2,2836.8492517952036,1,4255.2738776928054,14932811.507851847,-9955207.6814575195
71,0,0,2836.7497028625648,1,4255.1245542938477,14931868.29797071,-9954578.8748982735
71,0,1,0,0,4255.1245542938477,14931868.29797071,-0
71,0,2,0,0,4255.1245542938477,14931868.29797071,-0
71,1,0,0,0,4255.1245542938477,14931868.29797071,-0
71,1,1,2836.7497028625648,1,4255.1245542938477,14931868.29797071,-9954578.8748982735
71,1,2,0,0,4255.1245542938477,14931868.29797071,-0
71,2,0,0,0,4255.1245542938477,14931868.29797071,-0
71,2,1,0,0,4255.1245542938477,14931868.29797071,-0
71,2,2,2836.7497028625648,1,4255.1245542938477,14931868.29797071,-9954578.8748982735
72,0,0,2836.6501602177054,1,4254.9752403265584,14930925.174142128,-9953950.1256713867
72,0,1,0,0,4254.9752403265584,14930925.174142128,-0
72,0,2,0,0,4254.9752403265584,14930925.174142128,-0
72,1,0,0,0,4254.9752403265584,14930925.174142128,-0
72,1,1,2836.6501602177054,1,4254.9752403265584,14930925.174142128,-9953950.1256713867
72,1,2,0,0,4254.9752403265584,14930925.174142128,-0
72,2,0,0,0,4254.9752403265584,14930925.174142128,-0
72,2,1,0,0,4254.9752403265584,14930925.174142128,-0
72,2,2,2836.6501602177054,1,4254.9752403265584,14930925.174142128,-9953950.1256713867
73,0,0,2836.5506238600519,1,4254.8259357900779,14929982.136355828,-9953321.433817545
73,0,1,0,0,4254.8259357900779,14929982.136355828,-0
73,0,2,0,0,4254.8259357900779,14929982.136355828,-0
73,1,0,0,0,4254.8259357900779,14929982.136355828,-0
73,1,1,2836.5506238600519,1,4254.8259357900779,14929982.136355828,-9953321.433817545
73,1,2,0,0,4254.8259357900779,14929982.136355828,-0
73,2,0,0,0,4254.8259357900779,14929982.136355828,-0
73,2,1,0,0,4254.8259357900779,14929982.136355828,-0
73,2,2,2836.5506238600519,1,4254.8259357900779,14929982.136355828,-9953321.433817545
74,0,0,2836.4510937890291,1,4254.6766406835441,14929039.184601551,-9952692.7993164062
74,0,1,0,0,4254.6766406835441,14929039.184601551,-0
74,0,2,0,0,4254.6766406835441,14929039.184601551,-0
74,1,0,0,0,4254.6766406835441,14929039.184601551,-0
74,1,1,2836.4510937890291,1,4254.6766406835441,14929039.184601551,-9952692.7993164062
74,1,2,0,0,4254.6766406835441,14929039.184601551,-0
74,2,0,0,0,4254.6766406835441,14929039.184601551,-0
74,2,1,0,0,4254.6766406835441,14929039.184601551,-0
74,2,2,2836.4510937890291,1,4254.6766406835441,14929039.184601551,-9952692.7993164062
75,0,0,2836.3515700040653,1,4254.5273550060983,14928096.31886903,-9952064.2221272774
75,0,1,0,0,4254.5273550060983,14928096.31886903,-0
75,0,2,0,0,4254.5273550060983,14928096.31886903,-0
75,1,0,0,0,4254.5273550060983,14928096.31886903,-0
75,1,1,2836.3515700040653,1,4254.5273550060983,14928096.31886903,-9952064.2221272774
75,1,2,0,0,4254.5273550060983,14928096.31886903,-0
75,2,0,0,0,4254.5273550060983,14928096.31886903,-0
75,2,1,0,0,4254.5273550060983,14928096.31886903,-0
75,2,2,2836.3515700040653,1,4254.5273550060983,14928096.31886903,-9952064.2221272774
76,0,0,2836.2520525045866,1,4254.3780787568803,14927153.539148005,-9951435.7023111973
76,0,1,0,0,4254.3780787568803,14927153.539148005,-0
76,0,2,0,0,4254.3780787568803,14927153.539148005,-0
76,1,0,0,0,4254.3780787568803,14927153.539148005,-0
76,1,1,2836.2520525045866,1,4254.3780787568803,14927153.539148005,-9951435.7023111973
76,1,2,0,0,4254.3780787568803,14927153.539148005,-0
76,2,0,0,0,4254.3780787568803,14927153.539148005,-0
76,2,1,0,0,4254.3780787568803,14927153.539148005,-0
76,2,2,2836.2520525045866,1,4254.3780787568803,14927153.539148005,-9951435.7023111973
77,0,0,2836.1525412900191,1,4254.2288119350287,14926210.845428215,-9950807.2398274727
77,0,1,0,0,4254.2288119350287,14926210.845428215,-0
77,0,2,0,0,4254.2288119350287,14926210.845428215,-0
77,1,0,0,0,4254.2288119350287,14926210.845428215,-0
77,1,1,2836.1525412900191,1,4254.2288119350287,14926210.845428215,-9950807.2398274727
77,1,2,0,0,4254.2288119350287,14926210.845428215,-0
77,2,0,0,0,4254.2288119350287,14926210.845428215,-0
77,2,1,0,0,4254.2288119350287,14926210.845428215,-0
77,2,2,2836.1525412900191,1,4254.2288119350287,14926210.845428215,-9950807.2398274727
78,0,0,2836.05303635979,1,4254.079554539685,14925268.237699402,-9950178.8346761055
78,0,1,0,0,4254.079554539685,14925268.237699402,-0
78,0,2,0,0,4254.079554539685,14925268.237699402,-0
78,1,0,0,0,4254.079554539685,14925268.237699402,-0
78,1,1,2836.05303635979,1,4254.079554539685,14925268.237699402,-9950178.8346761055
78,1,2,0,0,4254.079554539685,14925268.237699402,-0
78,2,0,0,0,4254.079554539685,14925268.237699402,-0
78,2,1,0,0,4254.079554539685,14925268.237699402,-0
78,2,2,2836.05303635979,1,4254.079554539685,14925268.237699402,-9950178.8346761055
79,0,0,2835.9535377133257,1,4253.9303065699887,14924325.715951316,-9949550.4868367501
79,0,1,0,0,4253.9303065699887,14924325.715951316,-0
79,0,2,0,0,4253.9303065699887,14924325.715951316,-0
79,1,0,0,0,4253.9303065699887,14924325.715951316,-0
79,1,1,2835.9535377133257,1,4253.9303065699887,14924325.715951316,-9949550.4868367501
79,1,2,0,0,4253.9303065699887,14924325.715951316,-0
79,2,0,0,0,4253.9303065699887,14924325.715951316,-0
79,2,1,0,0,4253.9303065699887,14924325.715951316,-0
79,2,2,2835.9535377133257,1,4253.9303065699887,14924325.715951316,-9949550.4868367501
80,0,0,2835.8540453500527,1,4253.7810680250795,14923383.280173684,-9948922.196329752
80,0,1,0,0,4253.7810680250795,14923383.280173684,-0
80,0,2,0,0,4253.7810680250795,14923383.280173684,-0
80,1,0,0,0,4253.7810680250795,14923383.280173684,-0
80,1,1,2835.8540453500527,1,4253.7810680250795,14923383.280173684,-9948922.196329752
80,1,2,0,0,4253.7810680250795,14923383.280173684,-0
80,2,0,0,0,4253.7810680250795,14923383.280173684,-0
80,2,1,0,0,4253.7810680250795,14923383.280173684,-0
80,2,2,2835.8540453500527,1,4253.7810680250795,14923383.280173684,-9948922.196329752
81,0,0,2835.7545592693991,1,4253.6318389040989,14922440.930356264,-9948293.9631347656
81,0,1,0,0,4253.6318389040989,14922440.930356264,-0
81,0,2,0,0,4253.6318389040989,14922440.930356264,-0
81,1,0,0,0,4253.6318389040989,14922440.930356264,-0
81,1,1,2835.7545592693991,1,4253.6318389040989,14922440.930356264,-9948293.9631347656
81,1,2,0,0,4253.6318389040989,14922440.930356264,-0
81,2,0,0,0,4253.6318389040989,14922440.930356264,-0
81,2,1,0,0,4253.6318389040989,14922440.930356264,-0
81,2,2,2835.7545592693991,1,4253.6318389040989,14922440.930356264,-9948293.9631347656
82,0,0,2835.65507947079,1,4253.4826192061855,14921498.666488798,-9947665.7872110996
82,0,1,0,0,4253.4826192061855,14921498.666488798,-0
82,0,2,0,0,4253.4826192061855,14921498.666488798,-0
82,1,0,0,0,4253.4826192061855,14921498.666488798,-0
82,1,1,2835.65507947079,1,4253.4826192061855,14921498.666488798,-9947665.7872110996
82,1,2,0,0,4253.4826192061855,14921498.666488798,-0
82,2,0,0,0,4253.4826192061855,14921498.666488798,-0
82,2,1,0,0,4253.4826192061855,14921498.666488798,-0
82,2,2,2835.65507947079,1,4253.4826192061855,14921498.666488798,-9947665.7872110996
83,0,0,2835.5556059536548,1,4253.3334089304826,14920556.488561042,-9947037.6685791016
83,0,1,0,0,4253.3334089304826,14920556.488561042,-0
83,0,2,0,0,4253.3334089304826,14920556.488561042,-0
83,1,0,0,0,4253.3334089304826,14920556.488561042,-0
83,1,1,2835.5556059536548,1,4253.3334089304826,14920556.488561042,-9947037.6685791016
83,1,2,0,0,4253.3334089304826,14920556.488561042,-0
83,2,0,0,0,4253.3334089304826,14920556.488561042,-0
83,2,1,0,0,4253.3334089304826,14920556.488561042,-0
83,2,2,2835.5556059536548,1,4253.3334089304826,14920556.488561042,-9947037.6685791016
84,0,0,2835.4561387174185,1,4253.184208076128,14919614.396562738,-9946409.6072387695
84,0,1,0,0,4253.184208076128,14919614.396562738,-0
84,0,2,0,0,4253.184208076128,14919614.396562738,-0
84,1,0,0,0,4253.184208076128,14919614.396562738,-0
84,1,1,2835.4561387174185,1,4253.184208076128,14919614.396562738,-9946409.6072387695
84,1,2,0,0,4253.184208076128,14919614.396562738,-0
84,2,0,0,0,4253.184208076128,14919614.396562738,-0
84,2,1,0,0,4253.184208076128,14919614.396562738,-0
84,2,2,2835.4561387174185,1,4253.184208076128,14919614.396562738,-9946409.6072387695
85,0,0,2835.3566777615097,1,4253.035016642265,14918672.390483644,-9945781.603230793
85,0,1,0,0,4253.035016642265,14918672.390483644,-0
85,0,2,0,0,4253.035016642265,14918672.390483644,-0
85,1,0,0,0,4253.035016642265,14918672.390483644,-0
85,1,1,2835.3566777615097,1,4253.035016642265,14918672.390483644,-9945781.603230793
85,1,2,0,0,4253.035016642265,14918672.390483644,-0
85,2,0,0,0,4253.035016642265,14918672.390483644,-0
85,2,1,0,0,4253.035016642265,14918672.390483644,-0
85,2,2,2835.3566777615097,1,4253.035016642265,14918672.390483644,-9945781.603230793
86,0,0,2835.2572230853539,1,4252.8858346280313,14917730.470313512,-9945153.6564331055
86,0,1,0,0,4252.8858346280313,14917730.470313512,-0
86,0,2,0,0,4252.8858346280313,14917730.470313512,-0
86,1,0,0,0,4252.8858346280313,14917730.470313512,-0
86,1,1,2835.2572230853539,1,4252.8858346280313,14917730.470313512,-9945153.6564331055
86,1,2,0,0,4252.8858346280313,14917730.470313512,-0
86,2,0,0,0,4252.8858346280313,14917730.470313512,-0
86,2,1,0,0,4252.8858346280313,14917730.470313512,-0
86,2,2,2835.2572230853539,1,4252.8858346280313,14917730.470313512,-9945153.6564331055
87,0,0,2835.1577746883813,1,4252.736662032572,14916788.636042094,-9944525.7668457031
87,0,1,0,0,4252.736662032572,14916788.636042094,-0
87,0,2,0,0,4252.736662032572,14916788.636042094,-0
87,1,0,0,0,4252.736662032572,14916788.636042094,-0
87,1,1,2835.1577746883813,1,4252.736662032572,14916788.636042094,-9944525.7668457031
87,1,2,0,0,4252.736662032572,14916788.636042094,-0
87,2,0,0,0,4252.736662032572,14916788.636042094,-0
87,2,1,0,0,4252.736662032572,14916788.636042094,-0
87,2,2,2835.1577746883813,1,4252.736662032572,14916788.636042094,-9944525.7668457031
88,0,0,2835.0583325700172,1,4252.5874988550258,14915846.887659157,-9943897.9346516915
88,0,1,0,0,4252.5874988550258,14915846.887659157,-0
88,0,2,0,0,4252.5874988550258,14915846.887659157,-0
88,1,0,0,0,4252.5874988550258,14915846.887659157,-0
88,1,1,2835.0583325700172,1,4252.5874988550258,14915846.887659157,-9943897.9346516915
88,1,2,0,0,4252.5874988550258,14915846.887659157,-0
88,2,0,0,0,4252.5874988550258,14915846.887659157,-0
88,2,1,0,0,4252.5874988550258,14915846.887659157,-0
88,2,2,2835.0583325700172,1,4252.5874988550258,14915846.887659157,-9943897.9346516915
89,0,0,2834.9588967296881,1,4252.4383450945325,14914905.225154443,-9943270.1596679688
89,0,1,0,0,4252.4383450945325,14914905.225154443,-0
89,0,2,0,0,4252.4383450945325,14914905.225154443,-0
89,1,0,0,0,4252.4383450945325,14914905.225154443,-0
89,1,1,2834.9588967296881,1,4252.4383450945325,14914905.225154443,-9943270.1596679688
89,1,2,0,0,4252.4383450945325,14914905.225154443,-0
89,2,0,0,0,4252.4383450945325,14914905.225154443,-0
89,2,1,0,0,4252.4383450945325,14914905.225154443,-0
89,2,2,2834.9588967296881,1,4252.4383450945325,14914905.225154443,-9943270.1596679688
90,0,0,2834.8594671668238,1,4252.289200750236,14913963.648517719,-9942642.4418741856
90,0,1,0,0,4252.289200750236,14913963.648517719,-0
90,0,2,0,0,4252.289200750236,14913963.648517719,-0
90,1,0,0,0,4252.289200750236,14913963.648517719,-0
90,1,1,2834.8594671668238,1,4252.289200750236,14913963.648517719,-9942642.4418741856
90,1,2,0,0,4252.289200750236,14913963.648517719,-0
90,2,0,0,0,4252.289200750236,14913963.648517719,-0
90,2,1,0,0,4252.289200750236,14913963.648517719,-0
90,2,2,2834.8594671668238,1,4252.289200750236,14913963.648517719,-9942642.4418741856
91,0,0,2834.7600438808504,1,4252.140065821276,14913022.157738745,-9942014.7813720703
91,0,1,0,0,4252.140065821276,14913022.157738745,-0
91,0,2,0,0,4252.140065821276,14913022.157738745,-0
91,1,0,0,0,4252.140065821276,14913022.157738745,-0
91,1,1,2834.7600438808504,1,4252.140065821276,14913022.157738745,-9942014.7813720703
91,1,2,0,0,4252.140065821276,14913022.157738745,-0
91,2,0,0,0,4252.140065821276,14913022.157738745,-0
91,2,1,0,0,4252.140065821276,14913022.157738745,-0
91,2,2,2834.7600438808504,1,4252.140065821276,14913022.157738745,-9942014.7813720703
92,0,0,2834.6606268711967,1,4251.990940306795,14912080.752807286,-9941387.1780802403
92,0,1,0,0,4251.990940306795,14912080.752807286,-0
92,0,2,0,0,4251.990940306795,14912080.752807286,-0
92,1,0,0,0,4251.990940306795,14912080.752807286,-0
92,1,1,2834.6606268711967,1,4251.990940306795,14912080.752807286,-9941387.1780802403
92,1,2,0,0,4251.990940306795,14912080.752807286,-0
92,2,0,0,0,4251.990940306795,14912080.752807286,-0
92,2,1,0,0,4251.990940306795,14912080.752807286,-0
92,2,2,2834.6606268711967,1,4251.990940306795,14912080.752807286,-9941387.1780802403
93,0,0,2834.5612161372887,1,4251.8418242059333,14911139.433713103,-9940759.632019043
93,0,1,0,0,4251.8418242059333,14911139.433713103,-0
93,0,2,0,0,4251.8418242059333,14911139.433713103,-0
93,1,0,0,0,4251.8418242059333,14911139.433713103,-0
93,1,1,2834.5612161372887,1,4251.8418242059333,14911139.433713103,-9940759.632019043
93,1,2,0,0,4251.8418242059333,14911139.433713103,-0
93,2,0,0,0,4251.8418242059333,14911139.433713103,-0
93,2,1,0,0,4251.8418242059333,14911139.433713103,-0
93,2,2,2834.5612161372887,1,4251.8418242059333,14911139.433713103,-9940759.632019043
94,0,0,2834.4618116785559,1,4251.6927175178344,14910198.200445961,-9940132.1431681309
94,0,1,0,0,4251.6927175178344,14910198.200445961,-0
94,0,2,0,0,4251.6927175178344,14910198.200445961,-0
94,1,0,0,0,4251.6927175178344,14910198.200445961,-0
94,1,1,2834.4618116785559,1,4251.6927175178344,14910198.200445961,-9940132.1431681309
94,1,2,0,0,4251.6927175178344,14910198.200445961,-0
94,2,0,0,0,4251.6927175178344,14910198.200445961,-0
94,2,1,0,0,4251.6927175178344,14910198.200445961,-0
94,2,2,2834.4618116785559,1,4251.6927175178344,14910198.200445961,-9940132.1431681309
95,0,0,2834.3624134944257,1,4251.5436202416386,14909257.052995633,-9939504.7115275059
95,0,1,0,0,4251.5436202416386,14909257.052995633,-0
95,0,2,0,0,4251.5436202416386,14909257.052995633,-0
95,1,0,0,0,4251.5436202416386,14909257.052995633,-0
95,1,1,2834.3624134944257,1,4251.5436202416386,14909257.052995633,-9939504.7115275059
95,1,2,0,0,4251.5436202416386,14909257.052995633,-0
95,2,0,0,0,4251.5436202416386,14909257.052995633,-0
95,2,1,0,0,4251.5436202416386,14909257.052995633,-0
95,2,2,2834.3624134944257,1,4251.5436202416386,14909257.052995633,-9939504.7115275059
96,0,0,2834.2630215843255,1,4251.3945323764883,14908315.99135188,-9938877.3371175118
96,0,1,0,0,4251.3945323764883,14908315.99135188,-0
96,0,2,0,0,4251.3945323764883,14908315.99135188,-0
96,1,0,0,0,4251.3945323764883,14908315.99135188,-0
96,1,1,2834.2630215843255,1,4251.3945323764883,14908315.99135188,-9938877.3371175118
96,1,2,0,0,4251.3945323764883,14908315.99135188,-0
96,2,0,0,0,4251.3945323764883,14908315.99135188,-0
96,2,1,0,0,4251.3945323764883,14908315.99135188,-0
96,2,2,2834.2630215843255,1,4251.3945323764883,14908315.99135188,-9938877.3371175118
97,0,0,2834.1636359476834,1,4251.245453921525,14907375.015504476,-9938250.0198567696
97,0,1,0,0,4251.245453921525,14907375.015504476,-0
97,0,2,0,0,4251.245453921525,14907375.015504476,-0
97,1,0,0,0,4251.245453921525,14907375.015504476,-0
97,1,1,2834.1636359476834,1,4251.245453921525,14907375.015504476,-9938250.0198567696
97,1,2,0,0,4251.245453921525,14907375.015504476,-0
97,2,0,0,0,4251.245453921525,14907375.015504476,-0
97,2,1,0,0,4251.245453921525,14907375.015504476,-0
97,2,2,2834.1636359476834,1,4251.245453921525,14907375.015504476,-9938250.0198567696
98,0,0,2834.0642565839285,1,4251.0963848758929,14906434.125443198,-9937622.7597859688
98,0,1,0,0,4251.0963848758929,14906434.125443198,-0
98,0,2,0,0,4251.0963848758929,14906434.125443198,-0
98,1,0,0,0,4251.0963848758929,14906434.125443198,-0
98,1,1,2834.0642565839285,1,4251.0963848758929,14906434.125443198,-9937622.7597859688
98,1,2,0,0,4251.0963848758929,14906434.125443198,-0
98,2,0,0,0,4251.0963848758929,14906434.125443198,-0
98,2,1,0,0,4251.0963848758929,14906434.125443198,-0
98,2,2,2834.0642565839285,1,4251.0963848758929,14906434.125443198,-9937622.7597859688
99,0,0,2833.9648834924874,1,4250.9473252387315,14905493.321157806,-9936995.5284016915
99,0,1,0,0,4250.9473252387315,14905493.321157806,-0
99,0,2,0,0,4250.9473252387315,14905493.321157806,-0
99,1,0,0,0,4250.9473252387315,14905493.321157806,-0
99,1,1,2833.9648834924874,1,4250.9473252387315,14905493.321157806,-9936995.5284016915
99,1,2,0,0,4250.9473252387315,14905493.321157806,-0
99,2,0,0,0,4250.9473252387315,14905493.321157806,-0
99,2,1,0,0,4250.9473252387315,14905493.321157806,-0
99,2,2,2833.9648834924874,1,4250.9473252387315,14905493.321157806,-9936995.5284016915
